image_path,page,label,xmin,xmax,ymin,ymax,boundingBox,text,start,end,score,id
C:\Users\s_cas\OneDrive - Lambeth Council\Apps\doc_redaction\input\lgigba230cb\Lambeth 2030 FINAL ACC_Ver_Dec.pdf_foreword.pdf_0.png,1,CUSTOM_VLM_FACES,0.772828058859101,0.8169723845998791,0.814709236031927,0.8748574686431014,"[0.772828058859101, 0.814709236031927, 0.8169723845998791, 0.8748574686431014]",[FACE],0,0,0.86,cMNgIvxWE2LC
C:\Users\s_cas\OneDrive - Lambeth Council\Apps\doc_redaction\input\lgigba230cb\Lambeth 2030 FINAL ACC_Ver_Dec.pdf_foreword.pdf_0.png,1,CUSTOM_VLM_FACES,0.2713162668816771,0.3154605926224551,0.8098631698973774,0.870866590649943,"[0.2713162668816771, 0.8098631698973774, 0.3154605926224551, 0.870866590649943]",[FACE],0,0,0.86,NuhQMWh4X42Q
