text,boundingBox,xmin,ymin,xmax,ymax,label,start,end,score,page
Lauren Lilley,"[98.00154113769531, 448.0677795410156, 163.70635986328125, 461.3517761230469]",0.160133,0.565742,0.267494,0.582515,LAUREN,2,15,1.0,1
University of Notre Dame,"[255.31198120117188, 530.86767578125, 380.9952392578125, 544.1516723632812]",0.417176,0.670287,0.622541,0.68706,UNIVERSITY,35,59,1.0,1
University of Notre Dame,"[172.7447052001953, 614.4476928710938, 298.3438720703125, 627.731689453125]",0.282263,0.775818,0.48749,0.792591,UNIVERSITY,18,42,1.0,1
Lauren Lilley,"[98.00160217285156, 171.28797912597656, 163.7064208984375, 184.5719757080078]",0.160133,0.216273,0.267494,0.233045,LAUREN,2,15,1.0,2
