image_path,page,label,xmin,xmax,ymin,ymax,boundingBox,text,start,end,score,id
/home/user/app/input/2ulpq1rrcrn/Lambeth 2030 FINAL ACC_Ver_Dec.pdf_foreword.pdf_0.png,1,CUSTOM_VLM_FACES,0.2753477121548075,0.31445273130417256,0.8369441277080958,0.9019384264538198,"[0.2753477121548075, 0.8369441277080958, 0.31445273130417256, 0.9019384264538198]",[FACE],0,0,0.9,VLYrcRQBY1Md
/home/user/app/input/2ulpq1rrcrn/Lambeth 2030 FINAL ACC_Ver_Dec.pdf_foreword.pdf_0.png,1,CUSTOM_VLM_FACES,0.7758516428139488,0.8149566619633138,0.8038768529076397,0.8680159635119726,"[0.7758516428139488, 0.8038768529076397, 0.8149566619633138, 0.8680159635119726]",[FACE],0,0,0.9,J5hvM2f7dqJM
