image_path,page,label,xmin,xmax,ymin,ymax,boundingBox,text,start,end,score,id
/home/user/app/input/qgs2g5yrom/Lambeth 2030 FINAL ACC_Ver_Dec.pdf_foreword.pdf_0.png,1,CUSTOM_VLM_FACES,0.3354162467244507,0.3775448498286636,0.7596921322690992,0.8078677309007982,"[0.3354162467244507, 0.7596921322690992, 0.3775448498286636, 0.8078677309007982]",[FACE],0,0,0.98,jcMNgIvxWE2L
/home/user/app/input/qgs2g5yrom/Lambeth 2030 FINAL ACC_Ver_Dec.pdf_foreword.pdf_0.png,1,CUSTOM_VLM_FACES,0.835920177383592,0.8800645031243701,0.75769669327252,0.80672748004561,"[0.835920177383592, 0.75769669327252, 0.8800645031243701, 0.80672748004561]",[FACE],0,0,0.98,CNuhQMWh4X42
