text,xmin,ymin,xmax,ymax,label,start,end,score,page,image_path,boundingBox,id
bry the City of Long Beach,0.635291,0.479151,0.791855,0.493115,PERSON,60,86,0.85,6,,,
Вениам Грее,0.55246,0.697828,0.730673,0.734678,PERSON,0,11,0.85,6,,,
Beverly O'Neill,0.585341,0.733029,0.712475,0.749418,PERSON,0,15,0.85,6,,,
City Beach,0.602661,0.749418,0.752887,0.762704,PERSON,0,10,0.85,6,,,
Jorge O . Zambrano Cedeño,0.56137,0.82147,0.771963,0.837859,PERSON,5,29,0.85,6,,,
[SIGNATURE],0.5576470588235294,0.7006060606060606,0.7447058823529412,0.7427272727272727,CUSTOM_VLM_SIGNATURE,0,0,0.99,6,/home/user/app/input/h7gu2dqz0ue/Partnership-Agreement-Toolkit_0_0.pdf_5.png,"[0.5576470588235294, 0.7006060606060606, 0.7447058823529412, 0.7427272727272727]",pUsAcibeeAIT
[SIGNATURE],0.5023529411764706,0.7766666666666666,0.6796078431372549,0.8196969696969697,CUSTOM_VLM_SIGNATURE,0,0,0.99,6,/home/user/app/input/h7gu2dqz0ue/Partnership-Agreement-Toolkit_0_0.pdf_5.png,"[0.5023529411764706, 0.7766666666666666, 0.6796078431372549, 0.8196969696969697]",iANfBw6dzzTt
